company_name,company_address,telephone_no,fax_no,class_of_licence
800 SUPER WASTE MGMT PTE LTD,"17A SENOKO WAY, SINGAPORE 758056",63663800,62653800,"A,B,C"
A & S MANAGEMENT SERVICES PTE LTD,"30 LOYANG WAY, #07-11, SINGAPORE 508769",64434588,64431966,"A,B"
A & T WASTE HAULAGE SERVICES PTE LTD,"35A LORONG 17 GEYLANG, SINGAPORE 388559",65652996,6569912,A
A. K. LEE ENTERPRISES PTE LTD,"11 TUAS AVENUE 11, SINGAPORE 639077",68623666,68613938,A
ADVANCE FACILITIES PTE. LTD.,"20 ANG MO KIO INDUSTRIAL PARK 2A, #03-21 AMK TECH LINK, SINGAPORE 567761",64816615,64831996,A
ADVANCED RECYCLING PTE LTD,"86 TUAS AVENUE 11, SINGAPORE 639099",91834127,na,A
AEON EARTH PTE LTD,"71 TAMPINES INDUSTRIAL AVENUE 5, SINGAPORE 528645",65429533,65429534,A
AIMFLOW PTE LTD,"8 ROCHDALLE ROAD, SINGAPORE 535821",64556225,64559185,C
AJ JETTING PTE. LTD.,"7030 ANG MO KIO AVENUE 5, #06-08, NORTHSTAR @ AMK, SINGAPORE 569880",63968935,63968936,C
ALLIBEY SERVICES PTE LTD,"1 JALAN SAMULUN, SINGAPORE 629119",98281802,62681685,A
ANG ENG GUAN TRADING AS ENG LEE GUAN TRADING,"BLK 217 PETIR ROAD, #02-385, SINGAPORE 670217",67693645,na,A
ANG HOCK GUAN TRADING AS ANG HOCK GUAN TRANSPORT SERVICE,"BLK 113 PENDING ROAD ,#11-102,SINGAPORE 670113",97551803,na,A
ANG KHEN TEE TRADING AS RECYCLE-PLUS DISPOSAL TRADING,"BLK 120 PENDING ROAD, #07-186, SINGAPORE 670120",98588223,68961712,A
ANG KIAN LEE TRADING AS BOSEN TRADING & TRANSPORTATION,"106 YUNNAN CRESCENT, SINGAPORE 638317",62616662,68610138,"A,B"
ANG SHEE CHOON TRADING AS SIN GEE HUAT HARDWARE,"31 SUNGEI KADUT STREET 2, SINGAPORE 729243",67601972,na,A
ANG SIEW HOR TRADING AS SIM HOCK HUAT HARDWARE & JUNK YARD,"BLK 4027 ANG MO KIO INDUSTRIAL PARK 1, #01-233, SINGAPORE 569638",92217640,na,A
ANG SIEW POH TRADING AS POH MENG TRANSPORT CO,"BLK 38D BENDEMEER ROAD, #13-860, SINGAPORE 334038",98185833,67462650,"A,B"
ANG YAM LAY TRADING AS ANG CHIA LAY RE-CYCLED PAPER,"9 GUL CIRCLE, SINGAPORE 629565",96638147,67568147,A
AROMA CHEMICAL PTE LTD,"6 TUAS VIEW LANE, SINGAPORE 637566",68618591,68618025,A
ASCENT SUPPLIES LINK PTE LTD,"31 JURONG PORT ROAD, #03-33, JURONG LOGISTICS HUB, SINGAPORE 619115",90261212,68631058,A
ASIA PACZ PTE. LTD.,"7030 ANG MO KIO AVENUE 5, #01-07, NORTHSTAR @ AMK, SINGAPORE 569880",62862734,62862735,C
ASIA RECYCLING RESOURCES PTE LTD,"10 NEYTHAL ROAD, SINGAPORE 628576",62626631,62623631,A
ATL MAINTENANCE PTE LTD,"37 DEFU LANE 10, #02-45, SINGAPORE 539214",68413128,68413182,A
AVA-CHEM INDUSTRIAL PTE LTD,"10 ADMIRALTY STREET, #01-87, NORTH LINK BUILDING, SINGAPORE 757695",68979511,68978353,C
BAMA ENVIRONMENTAL PTE. LTD.,"137 TELOK AYER STREET,#04-07,SINGAPORE 068602",64450055,62420155,A
BAMA SERVICES PTE LTD,"137 TELOK AYER STREET, #04-07, SINGAPORE 068602",64450055,62420155,"A,B"
BAN CHUAN TRADING & ENGINEERING PTE LTD,"638 VEERASAMY ROAD, #02-123, SINGAPORE 200637",91859670,62948166,A
BEE JOO ENVIRONMENTAL PTE LTD,"5 SUNGEI KADUT STREET 6, SUNGEI KADUT INDUSTRIAL ESTATE, SINGAPORE 728853",63653288,63653088,"A,B"
BENG SOON MACHINERY SERVICES PTE LTD,"21 TUAS SOUTH STREET 7SINGAPORE 637111",62881280,62895531,A
BIO-CARE GREASE CONTROL PTE LTD,"3023 UBI ROAD 3, #05-21, UBIPLEX 1, SINGAPORE 408663",67480877,67494588,C
BIOFUEL INDUSTRIES PTE LTD,"28 JALAN MERDU, SINGAPORE 548664",62226666,63661522,A
BNL SERVICES PTE LTD,"17 CHANGI SOUTH STREET 1, SINGAPORE 486781",67467557,67410089,A
BNL WASTE MANAGEMENT PTE. LTD.,"17 CHANGI SOUTH STREET 1, SINGAPORE 486781",67467557,67410089,"A,B"
BOON POH REFUSE DISPOSAL PTE LTD,"10 ANSON ROAD, #33-17, INTERNATIONAL PLAZA, SINGAPORE 079903",62843282,62843492,"A,B"
BOON WEE CONST (S) PTE LTD,"1060 EUNOS AVENUE 3 #01-194, SINGAPORE 409850",68467892,68481397,C
C K SUPPLIES & SERVICES PTE LTD,"140 UPPER BUKIT TIMAH ROAD, #03-15, BEAUTY WORLD PLAZA, SINGAPORE 588176",67545671,67530258,A
C T ENVIRONMENTAL SERVICES PTE LTD,"BLK 501 JURONG WEST STREET 51, #04-259, SINGAPORE 640501",91132555,64630983,"A,B"
CENTENNIAL METALS INVESTMENT PTE LTD,"11 SUNGEI KADUT STREET 5, SUNGEI KADUT INDUSTRIAL ESTATE, SINAPORE 728957",68628822,68977549,A
CHANG SENG SERVICES PTE LTD,"BLK 527 BEDOK NORTH STREET 3, #01-524, SINGAPORE 460527",91807783,68410555,"A,B"
CHEM-SOLV TECHNOLOGIES PTE LTD.,"29 PIONEER SECTOR 2, SINGAPORE 628385",68614277,68618151,C
CHEN GUAN BUILDERS PTE LTD,"407A SEMBAWANG ROAD, SINGAPORE 758386",67536254,67533459,A
CHEW PUAY LIANG TRADING AS JURONG RECYCLET,"BLK 626 JURONG WEST STREET 65, #12-374, SINGAPORE 640626",62654885,62658454,A
CHEW YONG SENG TRADING AS JOO HENG HUAT ENTERPRISE,"BLK 221 BOON LAY PLACE, #10-102, SINGAPORE 640221",91092385,62658454,"A,B"
CHIANG KIONG MAINTENANCE PTE LTD,"342A BEDOK ROAD, BEDOK SHOPPING CENTRE, SINGAPORE 469525",90221678,63832301,"A,B"
CHIP HONG METAL PTE LTD,"3026A UBI ROAD 3, #01-82, SINGAPORE 408655",67482371,67482108,A
CHONG YOKE TONG TRADING AS HOCK LIM LORRY SERVICE,"4 DEFU LANE 8, SINGAPORE 539308",62834801,62854431,A
CHUA KOK ANN TRADING AS CHUA KOK ANN,"BLK 283 TAMPINES ST 22, #04-107, SINGAPORE 520283",96212485,na,A
CHUA XIU JING TRADING AS H L TRANSPORT,"BLK 210 MARSILING CRESCENT, #01-03, SINGAPORE 730210",64876332,64876331,A
CHUAN HENG LEE TRADING PTE LTD,"8 JALAN BATU #01-13, SINGAORE 431008",96281988,na,"A,B"
CHUAN HUAT TRANSPORT PTE LTD,"12 EDEN GROVE, SINGAPORE 539063",62850888,63831889,A
CHYE THIAM MAINTENANCE PTE LTD,"32 JALAN KELULUT, SINGAPORE 809049",64819588,64819877,"A,B"
CIMELIA RESOURCE RECOVERY PTE LTD,"3 TUAS AVENUE 2, SINGAPORE 639443",68980808,63980888,A
CITIWASTE PTE LTD,"205 HENDERSON ROAD, #02-01, HENDERSDON INDUSTRIAL PARK, SINGAPORE 159549",65614778,65614778,A
CLEAN SOLUTIONS PTE LTD,"55 AYER RAJAH CRESCENT, #02-23, SINGAPORE 139949",64710880,64723578,"A,B,C"
CLEANWAY DISPOSAL SERVICES PTE LTD,"40 PENJURU ROAD, SINGAPORE 609145",62644411,62640715,"A,B"
CLEAR LINK PTE LTD,"22 SIN MING LANE MIDVIEW CITY #08-83, SINGAPORE 573969",97722009,66561129,C
COLEX ENVIRONMENTAL PTE LTD,"NO. 8 TUAS SOUTH STREET 13, SINGAPORE 637083",62687711,62641219,"A,B"
COVERALL (SINGAPORE) PTE LTD,"78 GILSTEAD ROAD, SINGAPORE 309116",91093721,na,A
CRAMOIL SINGAPORE PTE LTD,"4 TUAS VIEW LANE, SINGAPORE 637750",68611101,68611131,C
CRIMSON (S) PTE. LTD.,"BLK 501 JURONG WEST STREET 51, #02-253, SINGAPORE 640501",65664330,65675048,"A,B"
DA ENGINEERING PTE. LTD.,"9 KRANJI LINK, SINGAPORE 728645",63689118,na,A
DA RECYCLE PTE. LTD.,"27 MANDAI ESTATE, #03-09, INNOVATION PLACE, SINGAPORE 729931",63689118,63670070,A
DYNA-JET PTE LTD,"333 NORTH BRIDGE ROAD. #08-00, KH KEA BUILDING, SINGAPORE 188721",64689477,64672064,C
ECO RESOURCE RECOVERY CENTRE PTE LTD,"23 TUAS VIEW CIRCUIT, SINGAPORE 637768",65173653,68637813,"A,B"
ECO SPECIAL WASTE MANAGEMENT PTE LTD,"23 TUAS VIEW CIRCUIT, SINGAPORE 637768",65173653,68637813,"A,C"
ELMS INDUSTRIAL PTE LTD,"10 TUAS VIEW SQUARE, SINGAPORE 637552",68628880,68620220,A
ENDA ENVIRONMENTAL SERVICES PTE. LTD.,"BLK 501 JURONG WEST STREET 51 #04-259, SINGAPORE 640501",64630983,65609973,"A,B"
ENG LENG CONTRACTORS PTE LTD,"6 TAGORE DRIVE, #B1-02, TAGORE INDUSTRIAL BUILDING, SINGAPORE 787623",62504328,62544803,A
EQUATION RECYCLING PTE LTD,"6A JALAN PANPAN, SINGAPORE 619401",68982220,68982221,A
ER AH YEW SERVICES PTE. LTD.,"20 JALAN SAMULUN, SINGAPORE 629130",65692300,65693226,"A,B"
ER KEE SING TRADING AS V8 DISPOSAL SERVICES,"20 JALAN SAMULUN, SINGAPORE 629130",65692300,na,"A,B,C"
ESUN INTERNATIONAL PTE LTD,"17 TRACTOR ROAD, SINGAPORE 627975",64387757,64387747,A
EU CHONG HENG AS TAN AH LENG LOGISTIC SUPPLIES,"BLK 852 JURONG WEST STREET 81, #12-317, SINGAPORE 640852",67928281,67928281,A
EVEREADY MANUFACTURING PTE LTD,"7 TUAS AVENUE 14, SINGAPORE 638952",68634138,68612161,A
EVERGREEN WASTE MANAGEMENT PTE. LTD.,"190 MIDDLE ROAD,#15-02FORTUNE CENTRE,SINGAPORE 188979",85000037,na,A
FAITH INTERNATIONAL PTE LTD,"14 THIRD LOK YANG ROAD, SINGAPORE 628008",97941118,67486011,A
FATIMAH BEEBE BTE G. MOHD TRADING AS SADAK GENERAL CONTRACTOR,"BLK 714 JURONG WEST ST 71, #04-137, SINGAPORE 640714",96387224,na,A
FOURWAYS PTE LTD,"80 GENTING LANE, #03-05, RUBY INDUSTRIAL COMPLEX, SINGAPORE 349565",67462833,na,A
FRANCIS LEE KAI HENG TRADING AS B T WASTE TRADING,"55 TOH GUAN ROAD EAST, #05-04, UNI-TECH CENTRE, SINGAPORE 608601",96627507,na,A
G & C GENERAL CONTRACTORS PTE LTD,"184C CHOA CHU KANG AVENUE 1, COMFORT GARDEN, SINGAPORE 689463",67693467,na,A
GEE HOE SENG PTE. LTD.,"53 UBI AVENUE 1, #01-38, PAYA UBI INDUSTRIAL PARK, SINGAPORE 408934",90127325,68446155,A
GIN WEE RECYCLE CONTRACTOR PTE. LTD.,"33 TAMPINES INDUSTRIAL AVENUE 5, T5 @TAMPINES, SINGAPORE 528626",62807998,na,A
"GOH CHENG HOON,TRADING AS LIANG YUN HUNG SERVICES","20 JALAN PAPAN, SINGAPORE 619412",91015603,67656258,"A,B,C"
GOH ENG CHENG TRADING AS ENG CHIN INDUSTRIAL SERVICES,"BLK 527 JURONG WEST STREET 52, #06-309, SINGAPORE 640527",65604548,na,A
GOH ENG POH TRADING AS UNEED DISPOSAL SERVICE,"BLK 650C JURONG WEST ST 61, #05-238, SINGAPORE 643650",96163706,65640650,A
GOH LEONG HAI,"169 BEDOK SOUTH AVENUE 3, #09-437, SINGAPORE 460169",96640065,na,A
GOODMAN ENVIRONMENTAL PTE LTD,"59 WOODLANDS INDUSTRIAL PARK E2, SINGAPORE 757476",64649959,64649949,"A,B,C"
GPM BUILDERS PTE. LTD.,"18 ROBERTS LANE, #02-01, GOODLAND BUILDING, SINGAPORE 218297",65700002,na,A
GREEN RECYCLE CLEANING & TRADING,"15 LORONG 8 TOA PAYOH, #01-04, BRADDELL TECH, SINGAPORE 319262",63569303,63526057,A
GREENLEAF ENGINEERING PTE LTD,"21A SENOKO LOOP, SINGAPORE 758174",62557211,62532632,A
GREENWAY ENVIRONMENTAL WASTE MANAGEMENT PTE LTD,"3 PIONEER SECTOR LANE, SINGAPORE 628323",68620065,68621815,"A,B"
GUAN PENG HARDWARE PTE LTD,"65A TOH TUCK RD, SINGAPORE 596729",63620540,63620537,A
GWEE SIEW TEE TRADING AS AGILINK RESOURCES SERVICES,"BLK 81 REDHILL LANE, #06-53, SINGAPORE 150081",63145159,63145159,A
HAI LENG CONTRACT PTE LTD,"50 SERANGOON NORTH AVENUE 4, #05-16, FIRST CENTRE, SINGAPORE 555856",65701783,65701782,A
HAN EE LENG TRADING AS HAOW TECK TRADING,"BLK 3024 UBI ROAD 3, #04-105, SINGAPORE 408652",96967906,63445872,A
HAN GEK CHEW TRADING AS HANKO ENTERPRISE,"BLK 358 BUKIT BATOK STREET 31, #09-383, SINGAPORE 650358",65656480,na,A
HAO DA PTE LTD,"13 SENOKO WAY, SINGAPORE 758034",67630238,67634226,A
HCG ENVIRONMENT PTE. LTD.,"8 TUAS VIEW CIRCUIT,SINGAPORE 637777",65588098,65588078,A
HCH ENVIRONMENTAL ENGINEERING PTE LTD,"18 PASIR RIS AVENUE, SINGAPORE 519685",65824369/92855857,65829727,"A,B"
HENG HUAT (SING KEE) TRADING PTE LTD,"2 BUKIT BATOK STREET 24, #01-07 SKYTECH, SINGAPORE 659480",65602659,65650592,"A,B"
HENG SEN LENG TRDG AS JOON THIAM ENTERPRISE,"3 ANG MO KIO INDUSTRIAL PARK 2A, #02-10, AMK TECH 1, SINGAPORE 568050",64846183,64846182,C
HLS ELECTRONICS PTE LTD,"3 TUAS AVENUE 2, SINGAPORE 639443",67925333,97927555,A
HO ENG HUAT CONSTRUCTION PTE LTD,"BLK 525 ANG MO KIO AVENUE 10, #01-2393, SINGAPORE 560525",90671153,645560211,A
HOCK CHUAN HONG WASTE MANAGEMENT PTE LTD,"18 PASIR RIS AVENUE, SINGAPORE 519685",65827183,65829727,"A,B"
HONG HUAT TRANSPORT PTE LTD,"47 KISMIS AVENUE, SINGAPORE 598224",64672005,64683168,A
HOUSTREK ENGINEERING PTE LTD,"10 ADMIRALTY STREET, #06-91, NORTH LINK BUILDING, SINGAPORE 757695",68535161/94314441,68535163,A
HP LOGISTICS & SERVICES PTE. LTD.,"3 PIONEER ROAD NORTH, #01-25, SINGAPORE 628457",62653803,62653320,A
HUAT TAT CONSTRUCTION PTE. LTD.,"462 CORPORATION ROAD,#06-07PARC VISTA,SINGAPORE 649816",65691055,68990810,A
HUATIONG CONTRACTOR PTE LTD,"9 BENOI CRESCENT, SINGAPORE 629972",63662288,63681391,A
HUP CHUAN GUAN ENVIRONMENT PTE. LTD.,"BLK 3016 BEDOK NORTH AVENUE 4, #01-09, SINGAPORE 489947",62428824/92989534,64435969,A
HUP SENG CONSTRUCTION & ENGINEERING PTE. LTD.,"7 RIVERVALE LINK, #13-37, THE RIVERVALE, SINGAPORE 545125",96530539,na,C
HWA LIAN HENG CO PTE LTD,"28 JALAN SHAER, SINGAPORE 769374",63688238,63678512,"A,B"
HWA TAI HENG ENTERPRISES PTE LTD,"50 SERANGOON NORTH AVENUE 4, #02-20, FIRST CENTRE, SINGAPORE 555856",65812979,65834386,A
HX WASTE MANAGEMENT PTE LTD,"40 TOH GUAN ROAD EAST, #08-116, ENTERPRISE HUB, SINGAPORE 608586",65587515,65587517,"A,B,C"
IEM CORPORATION PTE. LTD.,"237 PANDAN LOOP, #07-05, WESTECH BUILDING, SINGAPORE 128424",68967108,68967109,A
IGM SERVICES PTE LTD,"9 DIX ROAD, SINGAPORE 549686",62812105,na,A
INDUSTRIAL & COMMERCIAL WASTE DISPOSAL PTE LTD,"207 TAI KENG GARDENS, TIVOLI GARDEN, SINGAPORE 534374",68580459,63430231,A
INTERNATIONAL CLEANING AND BUILDING SERVICES PTE LTD,"19 BURN ROAD, #09-03B, ADVANCE BUILDING, SINGAPORE 369974",62911416,65830484,A
ISS FACILITY SERVICES PTE LTD,"1 JALAN KILANG TIMOR, #10-00, PACIFIC TECH CENTRE, SINGAPORE 159303",62279711,62258340,C
ISS PEST MANAGEMENT PTE LTD,"1 JALAN KILANG TIMOR, #10-00, PACIFIC TECH CENTRE, SINGAPORE 159303",62681188,62659280,C
J & W GLOBAL PTE LTD,"1026 TAI SENG AVENUE #01-3538, SINGAPORE 534413",68585565/94352282,na,A
J.O.L ENVIRONMENTAL PTE LTD,"164 KALLANG WAY #06-33, SINGAPORE 349248",91997214,67480238,C
JAYRAM TRADING AS BOBB GENERAL CONTRACTOR & TRANSPORTATION,"207 TAI KENG GARDENS, TIVOLI GARDEN, SINGAPORE 534374",68580459,62541473,A
JEAQ DEAN TRADING PTE. LTD.,"27A JURONG PORT ROAD, #01-48, SINGAPORE 619101",62666975,67668064,"A,B"
JET-VACS SERVICE PTE LTD,"3005 UBI AVENUE 3, #03-52, SINGAPORE 408861",68420828,67476430,C
JINSON RECYCLING PRIVATE LIMITED,"5 TUAS AVENUE 16, SINGAPORE 638927",62641060,62640420,A
JR ENVIRONMENTAL PTE. LTD.,"14 PENJURU ROAD,SINGAPORE 609125",81885506,67907225,A
JUZ ELECTRONIC PTE. LTD.,"2 WOODLANDS SECTOR 1,#01-02WOODLANDS SPECTRUM,SINGAPORE 738068",63666166,65553832,A
K & W MOBILE LOO SERVICES PTE LTD,"8 SUNGEI KADUT LOOP, SINGAPORE 729455",63656663,63665110,C
KAY KAH KOK TRADING AS ENG KEONG WASTE DISPOSAL SERVICE,"BLK 349 UBI AVENUE 1, #11-1029, SINGAPORE 400349",67418823,68415823,A
KH WASTE HAULAGE SERVICES PTE LTD,"22 LORONG 21A GEYLANG, #08-02, CHIN HIN HANG BUILDING, SINGAPORE 388431",65652996,65699912,A
KHOO WENG KIANG TRADING AS MAN QING YUAN DISPOSAL SERVICE,"BLK 975 JURONG WEST STREET 93, #07-401, SINGAPORE 640975",98622324,na,A
KIAN HOE LOKE KEE PTE LTD,"2 TUAS AVENUE 13, SINGAPORE 638974",68623280,68616756,A
KIAT LEE LANDSCAPE & BUILDING PTE LTD,"31 KRANJI CRESCENT, SINGAPORE 728655",62873390,67428966,A
KIM BOCK CONTRACTOR PTE LTD,"3 PEMIMPIN DRIVE, #05-04, LIP HING INDUSTRIAL BUILDING, SINGAPORE 576147",62535422,62538513,A
KL RESOURCES PTE LTD,"17 DEFU LANE 8, DEFU INDUSTRIAL PARK B, SINGAPORE 539319",62884084,62814084,A
KOH BROTHERS BLDG & CIVIL ENGRG CONTRACTOR(PTE)LTD,"11 LORONG PENDEK, KOH BROTHERS BUILDING, SINGAPORE 348639",62898889,68415400,C
KOH KOCK LEONG ENTERPRISE PTE LTD,"4 TUAS DRIVE 2, SINGAPORE 638638",68978787,68621223,A
KOH POH GEK TRADING AS HUP CHUAN GUAN CLEANING & WASTE DISPOSAL SERVICES,"3016 BEDOK NORTH AVENUE 4, #01-09, EASTECH, SINGAPORE 489947",62428824,64438934,A
KWA CHOON BAN TRADING AS JI XIANG CLEANING SERVICES,"407A SEMBAWANG ROAD, SINGAPORE 758386",96872753,na,B
KYS PAPER RESOURCES & CO PTE LTD,"45 KIAN TECK DRIVE, CHINSIM INDUSTRIAL CENTRE, SINGAPORE 628859",62683424,62681344,A
LEADS ENGINEERING (S) PTE LTD,"6 TAGORE DRIVE, #02-08, TAGORE INDUSTRIAL BUILDING, SINGAPORE 787623",64541733,64541737,A
LEE CHAU YONG TRADING AS YONG METAL TRADING,"3791 E-CENTRE@REDHILL, #09-25, SINGAPORE 159471",68990345,68993343,A
LEE ENG HUAT TRADING PTE LTD,"11 JOO KOON WAY, SINGAPORE 628946",67623738,67622509,"A,B"
LEE KIAN MENG TRADING AS LKM METAL AND WASTE RECYCLE,"BLK 332 CLEMENTI AVENUE 2, #08-120, SINGAPORE 120332",81001009,68720072,A
LEE KOK HOU TRADING AS UNI-SCRAP PLASTIC & METAL RECYCLE,"26 PIONEER CRESCENT, SINGAPORE 628558",96676655,62983460,A
LEE TZE HAN TRADING AS FONG SHENG LONG,"BLK 247 YISHUN AVENUE 9, #06-171, SINGAPORE 760247",97545466,na,A
LEGEND MAINTENANCE (S) PTE LTD,"59 UBI AVENUE 1, #03-05, BIZLINK CENTRE, SINGAPORE 408938",68469896,na,A
LEK ENVIRONMENTAL SERVICES PTE LTD,"111 NORTH BRIDGE ROAD, #21-01, PENINSULA PLAZA, SINGAPORE 179098",63923149,63843960,"A,B"
LHT HOLDINGS LIMITED,"27 SUNGEI KADUT STREET 1, SINGAPORE 729335",62697890,63680410,A
LIAN AIK ENTERPRISES PTE LTD,"8 YUNNAN DRIVE 1, SINGAPORE 638249",62687383,62683798,A
LIAN CHENG CONTRACTING PTE LTD,"105 SIMS AVENUE, #06-11, CHANCERLODGE COMPLEX, SINGAPORE 387429",67428755,67427071,"A,B"
LIAN SHING CONSTRUCTION CO PTE LTD,"216 TAGORE LANE, SINGAPORE 787598",64815810,64825561,"A,C"
LIAO XIAOHONG TRADING AS YI XING CHENG ENTERPRISE,"690A WOODLANDS DRIVE 75 #07-152, SINGAPORE 731690",64876332,64876331,A
LIKOK PAPER TRADING PTE LTD,"4 PENJURU CLOSE, SINGAPORE 608574",62659789,62659689,A
LIM CHOON TIONG TRADING AS HONG TECK HUAT CLEANING SERVICE,"BLK 845 WOODLANDS STREET 82, #05-147, SINGAPORE 730845",64876332,64876331,A
LIM ENG CHAI TRADING AS NEW CENTURY RECYCLING,"2021 BUKIT BATOK IND PARK A ST 23, #01-208, SINGAPORE 659526",65612765,67623305,A
LIM ENG ENG TRADING AS GIN WEE CONTRACTOR,"33 TAMPINES IND AVE 5, SINGAPORE 528626",62807998,62807331,"A,B"
LIM ENG HWA TRADING AS T & L TRANSPORT & CLEANING SERVICE,"BLK 628 PASIR RIS DRIVE 3, #07-342, SINGAPORE 510628",64531967,64573091,A
LIM HANG YANG TRADING AS LIM HANG YANG COMPANY,"BLK 273D JURONG WEST AVENUE 3, #08-51, SINGAPORE 644273",97561271,na,A
LIM KIM KAN TRADING AS CRIMSON GENERAL CONTRACT CO,"BLK 501 JURONG WEST ST 51, #02-253, SINGAPORE 640501",65664330,65675048,"A,B"
LIM KWEK KEONG TRADING AS SIN DEE TRADING & TRANSPORT CO,"BLK 650 WOODLANDS RING ROAD, #10-404, SINGAPORE 730650",98236961,63676855,A
LIM LAI CHOON TRADING AS LIM LAI CHOON CLEANING CONTRACTOR,"BLK 142 PETIR RD, #11-286, SINGAPORE 670142",96609500,na,A
LIM LAY NGOR TRADING AS M&H INDUSTRIAL,"9C LOK YANG WAY, SINGAPORE 628630",94896426,62655375,A
LIM LOO BENG TRADING AS MENG KOON TRADING COMPANY,"BLK 103 JURONG EAST ST 13, #24-206, SINGAPORE 600103",65664330,65675048,A
LIM LYE HUAT TRADING AS FOREST RECYCLE SERVICES,"BLK 296B COMPASSVALE CRESCENT, #10-275, SINGAPORE 542296",97722158,na,A
LIM SER HOCK TRADING AS MOLI TRADING,"20 PENJURU PLACE, SINGAPORE 608556",96606177,67659058,A
LIM THIAM LYE TRADING AS BESCON TRADING SERVICE,"10 PENJURU ROAD, SINGAPORE 609124",67746980,67692131,A
LIONG HUP SOON TRADING PTE LTD,"6 FAN YOONG ROAD, SINGAPORE 629784",62658072,62682879,A
LOH SOON YAM TRADING AS PLASPULP UNION COMPANY,20 TUAS SOUTH STREET 1 SINGAPORE 637465,68619511,68612291,A
LOW AH HAI TRADING AS WEI HUAT TRADING,"53C LORONG 17 GEYLANG, SINGAPORE 388573",96384388,na,A
LOW LEONG GUAN TRADING AS METALLOY TRADING CO,"57 KAKI BUKIT VIEW, KAKI BUKIT TECHPARK II, SINGAPORE 415977",67437273,67423338,A
LOW TECK YONG TERENCE TRADING AS UNIVERSE ENVIRO,"3018 BEDOK NORTH STREET 5, #03-09, SINGAPORE 486132",64747997/92379797,64479709,C
LS2 SERVICES PTE LTD,"1 BUKIT BATOK CRESCENT, #04-40, WCEGA PLAZA, SINGAPORE 658064",62811843,62811805,A
MAINT-KLEEN PTE LTD,"12 NEW INDUSTRIAL ROAD, #06-03, MORNINGSTAR CENTRE, SINGAPORE 536202",63360079/81576677,62620079,A
MAO SHENG QUANJI CONSTRUCTION PTE LTD,"165 MACPHERSON ROAD, SINGAPORE 348533",62852300,62852731,A
METECH RECYCLING (SINGAPORE) PTE. LTD.,"65 TECH PARK CRESCENT, SINGAPORE 637787",85050013,68632035,A
MINI ENVIRONMENT SERVICE PTE LTD,"120 LOWER DELTA ROAD, #04-10, CENDEX CENTRE, SINGAPORE 69208",63372666,63373751,A
MORELASTIC GREEN RESOURCES PTE. LTD.,"72 SUNGEI KADUT STREET 1, SINGAPORE 729372",65150520,68840112,A
Ms TAN LAY KHENG trdg as JAY-E TRADING ENTERPRISE,"5057 ANG MO KIO INDUSTRIAL PARK 2, #01-1203, SINGAPORE 569560",96385616,na,A
NEO & GOH CONSTRUCTION PTE LTD,"10 UBI CRESCENT, #07-83, UBI TECH PARK, SINGAPORE 408564",67432338,67432337,A
NEO LIAN POH CONSTRUCTION PTE LTD,"150 SOUTH BRIDGE ROAD, #04-01, FOOK HAI BLDG, SINGAPORE 058727",62426522,62423221,C
NEO SOON POH TRADING AS NEO SOON POH GENERAL CONTRACTOR,"BLK 236 BUKIT PANJANG RING ROAD, #12-39, SINGAPORE 670236",97478852,na,A
NEWSPAPER SENG PTE LTD,"56 PANDAN ROAD, SINGAPORE 609293",62612591,62652628,A
NG BOK LENG TRADING AS NG BOK LENG CONTRACTOR,"BLK 335 WOODLANDS STREET 32, #06-25, SINGAPORE 730335",97529355,na,A
NG CHOON TAT TRADING AS KEOW HOE TRANSPORT & TRADING,"BLK 47 TEBAN GARDENS ROAD, #11-223, SINGAPORE 600047",65652996,65699912,A
NG EE HAK TRADING AS AH LIANG,"BLK 557 HOUGANG STREET 51 #09-364, SINGAPORE 530557",96173802,na,A
NG KIAN CHOON TRADING AS CHOON HARDWARE DEALER & CONTR,"BLK 911 JURONG WEST STREET 11 #02-291, SINGAPORE 640911",96662485,67942439,A
NG KIAN MENG TRADING AS CHOON HUAK TRADING,"BLK 461 CRAWFORD LANE, #15-79, SINGAPORE 190461",96911538,62976398,"A,C"
NG KIM PIOH TRADING AS PIOW CHENG ENTERPRISE,"BLK 476 SEMBAWANG DRIVE, #11-313, SINGAPORE 750476",98440339,na,A
NG KOK KHIM TRADING AS KWANG TAT ENGRG WORK,"BLK 130 BEDOK RESERVOIR ROAD, #08-1347, SINGAPORE 470130",96377870,64826483,A
NG KUN TONG TRADING AS SWEE TUAN REFUSE DISPOSAL CONTRACTOR,"BLK 21 TEBAN GARDENS ROAD, #12-121, SINGAPORE 600021",96691071,68961381,A
NG NGOON ENG TRADING AS HOCK LIM PLASTIC INDUSTRY & TRADING,"4 DEFU LANE 8, DEFU INDUSTRIAL PARK B, SINGAPORE 539308",62834801,na,A
NISTEEL RECYCLING PTE LTD,"30 SUNGEI KADUT WAY, SINGAPORE 728790",96813332,62661108,A
NSL OILCHEM SERVICES PTE. LTD.,"23 TANJONG KLING ROAD, SINGAPORE 628049",65133988,na,"A,C"
ONG POI HWA TRADING AS ENG KWEE CONTRACTOR,"BLK 310 JURONG EAST STREET 32, #08-306, SINGAPORE 600310",96659489,62966263,A
ONG THIAM GUAN TRADING AS ONG THIAM GUAN,"BLK 776 PASIR RIS STREET 71, #10-404, SINGAPORE 510776",90469866,68836648,A
ONG YEW HOE TRADING AS TIDY DISPOSAL SERVICE,"144 UPPER BUKIT TIMAH ROAD, #01-34, BEAUTY WORLD CENTRE, SINGAPORE 588177",68750029,64621865,A
P & R RESOURCE MANAGEMENT PTE. LTD.,"613 ANG MO KIO AVENUE 4, #08-1085, SINGAPORE 560613",65544234,na,A
PAN PACIFIC METAL PTE LTD,"11 TUAS AVENUE 8, SINGAPORE 639226",68615333,68616089,A
PEA JOO ENG TRANSPORT,"116 LENGKONG TIGA, #06-193, SINGAPORE 410116",97861185,na,A
PEH LAY BENG TRADING AS ACE RECYCLE TRADING,"10 KAKI BUKIT ROAD 2, #01-38, FIRST EAST CENTRE, SINGAPORE 417868",92219979,na,A
PERFECTION GENERAL SERVICES PTE. LTD.,"62 UBI ROAD 1,#04-25OXLEY BIZHUB 2,SINGAPORE 408734",64440100,64440200,A
PHEY KOK GIN TDG AS HTH TPT,"690A WOODLANDS DRIVE 75 #07-152, SINGAPORE 731690",64876332/96196005,63671723,A
PHUA BOK SENG TRADING AS GIM SENG CLEANING & TRADING,"BLK 304B ANCHORVALE LINK, #10-02, SINGAPORE 542304",96301024,62598523,"A,B"
PLUS ENVIRONMENTAL SERVICES PTE. LTD.,"51 BUKIT BATOK CRESCENT, #08-05, UNITY CENTRE, SINGAPORE 658077",48588223,62984393,"A,B"
PMPS LINER TECHNOLOGY (SINGAPORE) PTE. LTD.,"48 TOH GUAN ROAD EAST, #06-100, ENTERPRISE HUB, SINGAPORE 608586",81231828,na,C
POH HUAT HENG CORPORATION PTE LTD,"60 BENOI ROAD, #03-01, SINGAPORE 629906",68999222,62628276,A
POH MENG TRADING & CLEANING SERVICES PTE LTD,"584 UPPER EAST COAST ROAD, SINGAPORE 466592",67425833,67462650,"A,B"
POH SENG KAH TRADING AS HOCK CHUAN HONG,"18 PASIR RIS AVE, SINGAPORE 519685",65827183,65829727,A
PORTA PUMPER PTE LTD,"74 SUNGEI KADUT STREET 1, SINGAPORE 729374",67754466,68745233,C
POWER GREEN SERVICES PTE. LTD.,"808 FRENCH ROAD, #07-163, KITCHENER COMPLEX, SINGAPORE 200808",63971849,67950630,C
POWER-VAC INDUSTRIAL SERVICES PTE LTD,"1085 EUNOS AVENUE 7A, #03-30, SINGAPORE 409535",67453038,68410879,C
POWER-VAC SERVICES (S) PTE. LTD.,"1085 EUNOS AVENUE 7A, #03-30, SINGAPORE 409535",67453038,63624515,C
POWERMAN SERVICES PTE LTD,"1 YISHUN STREET 23, #07-29, YS-ONE, SINGAPORE 768441",62571929,67532171,C
POWERSTON SERVICES PTE LTD,"39B JALAN SINGA, SINGAPORE 418112",67440771/91883523,68413065,C
PRECISE INDUSTRIES PTE LTD,"5 GUL STREET 1 #04-00, SINGAPORE 629318",65786600,68622673,A
PRIMECH SERVICES & ENGRG PTE LTD,"130 JOO SENG ROAD, #03-01A, OLIVINE BUILDING, SINGAPORE 368357",96625244,62885260,A
QOOL ENVIRO PTE. LTD.,"21 BUKIT BATOK CRESCENT, #14-78, WCEGA TOWER, SINGAPORE 658065",62654510,62653421,C
RAMKY CLEANTECH SERVICES PTE LTD,"16 JALAN KILANG #02-01, HOI HUP BUIDLING, SINGAPORE 159416",68765486,na,"A,B"
RECALL TOTAL INFORMATION MANAGEMENT PTE LTD,"3 ANSON ROAD, #27-01, SPRINGLEAF TOWER, SINGAPORE 079909",62625405,62625633,A
REFUSERVICE PTE LTD,"5 PIONEER ROAD NORTH, #01-34, SINGAPORE 628458",62680757,62620777,"A,B"
RENTOKIL INITIAL SINGAPORE PTE LTD,"16 & 18 JALAN MESIN, SINGAPORE 368815",63478138,63478102,C
ROSLAN B. TAMIN TRADING AS AIM BLDG ENGINEERING,"8 ROCHDALE ROAD, SINGAPORE 535821",96837765,64559185,C
RVAC PTE LTD,"16 JALAN KILANG #02-01, HOI HUP BUIDLING, SINGAPORE 159416",68765400,na,B
SARSA D/O CHELLIAH TRADING AS N.G.L. CLEANING SERVICE,"BLK 681 RACE COURSE ROAD, #05-297, SINGAPORE 210681",94560801,67524978,A
SEAH MENG WEE TRADING AS BOON WEE ADVANCE SERVICES LLP,"98 BEDOK NORTH AVENUE 4 #13-1902, SINGAPORE 460098",64089661,31257190,C
SEAH YONG HENG TRADING PTE LTD,"30 LOYANG WAY #04-03, SINGAPORE 508769",92724547,63878032,A
SEAVIEW TRANSPORT MANAGEMENT PTE LTD,"3 DEFU LANE 6, SINGAPORE 539366",62857088,62857089,A
SELAMAT BIN SALIM TRADING AS AMAT CARPET COMPUTER,"BLK 851 TAMPINES STREET 83, #02-198, SINGAPORE 520851",96779923,na,A
SEMBCORP TAY PAPER RECYCLING PTE LTD,"30 HILL STREET #05-04, SINGAPORE 179360",65586868,68633193,A
SEMBWASTE PTE LTD,"4543 JALAN BUKIT MERAH, SINGAPORE 159470",68546289,62759943,"A,B"
SENG FOO BUILDING CONSTRUCTION PTE LTD,"2 BUKIT BATOK STREET 24, #04-17, SINGAPORE 659480",65622235,65672135,A
SENG THONG RECYCLE PTE. LTD.,"25 WESTWOOD TERRACE, SINGAPORE 648608",65158480,65587992,A
SEOW MENG CHUAN TRADING AS SAN TEONG CONSTRUCTION SERVICES,"BLK 134 SIMEI STREET 1, #03-172, SINGAPORE 520134",91000696,na,A
SERGENT SERVICES PTE LTD,"7030 ANG MO KIO AVE 5, #01-16, NORTHSTAR @AMK, SINGAPORE 569880",na,na,A
SHANAYA ENVIRONMENTAL SERVICES PTE. LTD.,"8 CHWEE CHIAN ROAD, SINGAPORE 119750",64740329,na,A
SHRED-IT SINGAPORE PTE LTD,"51 UBI AVENUE 1, #03-11, PAYA UBI INDUSTRIAL PARK, SINGAPORE 408933",67877777,67637777,A
SIM AH YONG TRADING AS LEONG GUAN HARDWARE COMPANY,"52 FOCH ROAD #04-02, SINGAPORE 209274",62910103/96358239,62940405,A
SIM TIONG BENG TRADING AS CHIN SOON HUAT CONSTRUCTION,"BLK 421 FAJAR ROAD #04-491, SINGAPORE 570421",97638131,na,A
SKV CONSTRUCTION & TRANSPORT PTE. LTD.,"420 NORTH BRIDGE ROAD #06-11/12, NORTH BRIDGE CENTRE,SINGAPORE 188727",91093688,na,A
SKY-LAND (OILS & FATS) PTE LTD,"41 KRANJI WAY, SINGAPORE 739447",63666126,63666681,C
SL GREASE CONTROL PTE LTD,"24 NEW INDUSTRIAL ROAD, #03-01, PEI FU INDUSTRIAL BUILDING, SINGAPORE 536210",62817033,62811766,C
SM TOTALCARE PTE. LTD.,"190 MIDDLE ROAD, #03-21, FORTUNE CENTRE, SINGAPORE 188979",na,na,C
SMC INDUSTRIAL PTE LTD,"16 TUAS AVENUE 20, SINGAPORE 638827",62689593,62624962,A
SOH CHIN LIAN TRADING AS SIN GUAN LEE TRADING,"55 TOH GUAN ROAD EAST, #05-04, UNI-TECH CENTRE, SINGAPORE 608601",97513748,67573680,A
SOH ENG BOON TRADING AS JACKIE & POH CONSTRUCTION,"1 YISHUN STREET 23, #05-21, YS-ONE, SINGAPORE 768441",98932501,68935608,A
SOR TIONG LAM TRADING AS TIONG LAM TRANSPORTATION & SUPPLIES,"BLK 653 SENJA LINK, #19-26, SINGAPORE 670653",93630789,62572789,A
ST PAPER RESOURCES PTE LTD,"2J JALAN PAPAN, SINGAPORE 619404",62659912,62659112,A
STARPAL PTE LTD,"20 ANG MO KIO INDUSTRIAL PARK 2A, #05-04, AMK TECH LINK,SINGAPORE 567761",64831508,62346212,A
SUN CITY MAINTENANCE PTE. LTD.,"1H YONG SIAK STREET,#-TIONG BAHRU ESTATE,SINGAPORE 168641",62230022/96187732,62232552,A
SUNPAN RECYCLE PTE LTD,"BLK 1033 EUNOS AVENUE 5A, #01-23, SINGAPORE 409703",67451184,67451984,A
SUNYIK CONTRACTS PTE LTD,"510 GEYLANG ROAD, #03-01, THE SUNFLOWER, SINGAPORE 389466",97501325,63871226,A
SUPERSONIC MAINTENANCE SERVICES PTE LTD,"21 BUKIT BATOK CRESCENT, #24-76, WCEGA TOWER, SINGAPORE 658065",64677444/98572814,64674044,"A,C"
SURGE CLEANING SERVICES PTE LTD,"51 UBI AVENUE 1, #05-26, PAYA UBI INDUSTRIAL PARK, SINGAPORE 408933",91882792,na,A
SY TAN RECYCLE,"8 JALAN BATU, #01-13, SINGAPORE 431008",96281988,na,"A,B"
TAI HING METAL IND PTE LTD,"15 DEFU LANE 12, SINGAPORE 539123",62866566,62896566,A
TAN AH LEK TRADING AS LEK PACKING SERVICER,"111 NORTH BRIDGE ROAD, #21-01, PENINSULA PLAZA, SINGAPORE 179098",98175265,63843960,A
TAN BENG HUAT TRADING AS HUAT SENG CLEANING CO,"5057 ANG MO KIO AVENUE IND PARK 2, #01-1201, SINGAPORE 569560",96385616,64811262,"A,B"
TAN BENG HUAT TRADING AS SCRAP TECH TRADING,"48 TOH GUAN ROAD EAST, #01-118 ENTERPRISE HUB, SINGAPORE 608568",66658925,65697958,A
TAN CHEN HOCK TRADING AS ENG HOCK MAINTENANCE,"BLK 781 UPPER CHANGI ROAD EAST, #02-25, SINGAPORE 486069",63831703,na,"A,B"
TAN CHOK OH TRADING AS HENG GIAP ENTERPRISE,"3018 BEDOK NORTH STREET 5, #06-44, SINGAPORE 486132",96610140,na,A
TAN CHYE HUAT TRADING AS CARING INTERNATIONAL RECYCLING SVCS,"BLK 517 HOUGANG AVENUE 10 #04-221, SINGAPOR",63856684,na,A
TAN HOCK GUAN TRADING AS H G TAN BLDG & PLUMBING CONTRACTOR,"49 DEFU LANE 9, SINGAPORE 539289",62863958,6286339,A
TAN HUNG CHOR TRADING AS COMFORT SUPPLIER,"270 MILTONIA CLOSE, SINGAPORE 768321",96658474,na,C
TAN KIM KEE TRADING AS TAN KIM KEE SUB-CONTRACTOR,"BLK 523 JURONG WEST STREET 52, #09-239, SINGAPORE 640523",65611310,na,"A,B"
TAN KOON POH TRADING AS KOON POH TRADING,"BLK 624 YISHUN RING ROAD, #04-3130, SINGAPORE 760624",93821137,67566258,A
TAN PENG SOON TRADING AS MANJUSRI GENERAL CLEANING CONTRACTOR,"BLK 21 TEBAN GARDENS ROAD, #18-115, SINGAPORE 600021",64655815,68461393,B
TAN SENG KOON TRADING AS BAN LEK SCRAP IRON TRADING CO,"10 ADMIRALTY STREET #01-82 NORTHLINK BUILDING, SINGAPORE 757695",67568112,67568121,A
TBS ENVIRONMENTAL SERVICES PTE. LTD.,"5 CHIN BEE AVENUE, SINGAPORE 619929",na,na,"A,B"
TEACLY (S) PTE. LTD.,"3 SUNGEI KADUT DRIVE, KRANJI INDUSTRIAL ESTATE, SINGAPORE 729556",86999884,na,C
TEE POH SENG TRADING AS HWEE SIANG TRANSPORT SERVICE 1998,"BLK 529 JURONG WEST ST 52, #23-373, SINGAPORE 640529",65679810,na,A
TENG LENG INDUSTRIES PTE LTD,"71 PIONEER ROAD, #01-04, SINGAPORE 639591",67915909,67915602,"A,B"
TEO BAK SOAH TRADING AS TEO BAK SOAH TRADING CO,"BLK 448 JURONG WEST STREET 42, #09-238, SINGAPORE 640448",62665309,62666056,"A,B"
TEO HOCK CHUAN TRADING AS CLEANIS-TEE DISPOSAL SERVICES,"BLK 176 BUKIT BATOK WEST AVENUE 8, #06-313, SINGAPORE 650176",97399398,na,A
TEO KIM HO TRADING AS GEE HOE SENG PAPER & TRDG,"7 KOVAN ROAD, #08-26, SINGAPORE 544896",96661758,na,A
TEO TIAN TECK TRG AS LIAN LEE HENG TRADING CO,"25 CHOA CHU KANG NORTH 6, #08-10, SINGAPORE 689580",96308765,68938082,A
TES-AMM (SINGAPORE) PTE LTD,"9 BENOI SECTOR, SINGAPORE 629844",68613576,68614817,A
THENG LIANG LEE SERVICES PTE LTD,"1 KAKI BUKIT AVENUE 3, #05-13, KB-1, SINGAPORE 416087",67487188,67488986,"A,B"
THNG LIANGUAN TRADING AS S YONG TRADING ENTERPRISE,"65 JURONG WEST CENTRAL 3, #15-02, THE CENTRIS, SINGAPORE 648332",96249370,na,A
THONG HUAT BROTHERS (PTE) LIMITED,"4 SUNGEI KADUT AVENUE, SINGAPORE 729641",63670772,63658701,A
TIAN LYE WASTE DISPOSAL PTE LTD,"1009 TAI SENG AVENUE, #01-2656, SINGAPORE 534418",62823352,62844923,"A,B"
TIO HWA NGEE EDDIE TDG AS LIAN HUP SUPPLIER,"79 JALAN CHEMPAKA KUNING, SINGAPORE 489117",64487718,64420135,C
TITAN FACILITIES MANAGEMENT PTE LTD,"6001 BEACH ROAD, #18-02, GOLDEN MILE TOWER, SINGAPORE 199589",64755939,na,A
TMC WASTE MANAGEMENT PTE LTD,"150 CHANGI ROAD, #03-05 GUTHRIE BUILDING, SINGAPORE 419973",63443922,63420990,C
TOH BAN SENG CONTRACTOR PTE LTD,"287 KAKI BUKIT AVENUE 1,#02-00SHUN LI INDUSTRIAL PARK,SINGAPORE 416078",67495720/64431691,63687359,C
TOH BOON NENG TRADING AS CHYE TAT TRADING CO.,"BLK 539 JURONG WEST AVENUE 1, #10-1030, SINGAPORE 640539",96632253,na,A
TOH CHIT TIONG TRADING AS TIONG HUAT HENG RECYCLING,"BLK 20 BALAM ROAD, #02-160, SINGAPORE 370020",97520970,na,A
TOH JU SONG Trdg as HUAT SOON PAPER TRADING,"3 LORONG LEW LIAN, #04-64, SINGAPORE 531003",na,na,A
TOH KIM BOCK C-E CONTRACTOR PTE LTD,"3 PEMIMPIN DRIVE, #05-04, LIP HING INDUSTRIAL BUILDING, SINGAPORE 576147",62535422,62538513,A
TONG HOCK PTE. LTD.,"17 SUNGEI KADUT STREET 3, SUNGEI KADUT INDUSTRIAL ESTATE, SINGAPORE 729148",63653105,63653120,A
TOTAL JET SERVICES PTE LTD,"301 KAKI BUKIT AVENUE 1, SHUN LI INDUSTRIAL PARK, SINGAPORE 416085",67481291,65471291,C
TOYOTRON (PTE ) LTD,"35 GUL DRIVE, SINGAPORE 629483",68983456,68981398,A
TRANSCO-PAC TRANSPORT & ENVIRONMENTAL PTE LTD,"890 UPPER BUKIT TIMAH ROAD, #03-20, SINGAPORE 678186",68977108,68977109,"A,B"
ULTRUST SOLUTIONS PTE LTD,"39 SUNGEI KADUT LOOP, SINGAPORE 729494",63632777,63632202,A
UNIQUE WASTE MANAGEMENT PTE LTD,"890 UPPER BUKIT TIMAH ROAD #03-20, SINGAPORE 678186",68977108,68977109,"A,B"
UNIVERSE ENVIRO & ENGINEERING PTE. LTD.,"3018 BEDOK NORTH STREET 5,SINGAPORE 486132",64747997/92379797,64479709,C
V8 ENVIRONMENTAL PTE LTD,"20 JALAN SAMULUN, SINGAPORE 629130",65692300,65693226,"A,B,C"
VAC-JET SERVICES PTE. LTD.,"9 SIMEI STREET 4 #05-02, SIMEI GREEN CONDOMINIUM, SINGAPORE 529865",64491600,64491215,C
VEOLIA ES SINGAPORE INDUSTRIAL PTE LTD,"7 TUAS AVENUE 10, SINGAPORE 639131",68616668,68615326,"A,B,C"
VEOLIA ES SINGAPORE PTE LTD,"17 TUAS AVENUE 12, SINGAPORE 639037",68635230,68625488,"A,B"
VEOLIA WATER SOLUTIONS & TECHNOLOGIES (SEA) PTE. LTD.,"5 LOYANG WAY 1,#-WMX TECHNOLOGIES BUILDING,SINGAPORE 508706",65461110/65491617,65462594,"A,B"
VIRO HUB PTE LTD,"111 NORTH BRIDGE ROAD #17-06, PENINSULA PLAZA, SINGAPORE 179098",65692300,na,"A,B"
WAH & HUA PTE LTD,"11 KRANJI CRESCENT, SINGAPORE 728656",63620078,63620079,"A,B"
WASTE INTEGRATED SERVICES & ENVIRONMENTAL PTE LTD,"21 BUKIT BATOK CRESCENT, #03-79, WCEGA TOWER, SINGAPORE 658065",67332055,67332655,"A,B"
WEISHEN INDUSTRIAL SERVICES PTE LTD,"21 TOH GUAN ROAD EAST, #06-15, TOH GUAN CENTRE, SINGAPORE 608609",67332055,67332655,"A,C"
WORLD METAL INDUSTRIES PTE LTD LTD,"51 BUKIT BATOK CRESCENT, #08-05, UNITY CENTRE, SINGAPORE 658077",62644828/91087123,na,"A,B"
WORLD METAL RECOVERY PTE LTD,"17 KRANJI LINK, SINGAPORE 728673",91087123,na,A
YIA BOEY LANG TRADING AS SENG THONG DISPOSAL SERVICE,"BLK 206 MARSILING DRIVE #04-302, SINGAPORE 730206",94888361,na,A
YLS STEEL PTE LTD,"33 PIONEER ROAD NORTH, SINGAPORE 628474",68619833,63821262,A
YOGA NATHEN S/O SAMUGAM Trdg As SM WASTE MANAGEMENT,"190 MIDDLE ROAD,#03-21FORTUNE CENTRE,SINGAPORE 188979",63398952/85887519,63343127,C
YONG SOON GENERAL CONTRACTOR PTE LTD,"BLK 806 WOODLANDS STREET 81 #01-93, SINGAPORE 730806",67915909,67915602,"A,B"
YONG WOON CHONG TRADING AS TECK WAH ENTERPRISE,"40 WOODLANDS INDUSTRIAL PARK E, SINGAPORE 757814",67586710,na,A
YS YONG SERVICES PTE LTD,"130 WOODLANDS INDUSTRIAL PARK E5,SINGAPORE 757852",67581140,na,A
